{
    "SPI.tif": {
        "min": 0.0,
        "max": 27.13765525817871
    },
    "Slope.tif": {
        "min": 0.0,
        "max": 69.63529968261719
    },
    "TWI.tif": {
        "min": -3.4028234663852886e+38,
        "max": 17.824655532836914
    },
    "aspect.tif": {
        "min": -1.0,
        "max": 359.99786376953125
    },
    "elevasi.tif": {
        "min": 51.0,
        "max": 3144.0
    },
    "jalan.tif": {
        "min": 0.0,
        "max": 7400.75341796875
    },
    "landuse.tif": {
        "min": 1.0,
        "max": 11.0
    },
    "litologi.tif": {
        "min": -128.0,
        "max": 35.0
    },
    "plan.tif": {
        "min": -128345219072.0,
        "max": 122911375360.0
    },
    "prof.tif": {
        "min": -131255123968.0,
        "max": 131382894592.0
    },
    "sungai.tif": {
        "min": 0.0,
        "max": 1665.0693359375
    }
}