{
    "train": {
        "acc": [
            0.4767676767676768,
            0.503030303030303
        ],
        "loss": [
            2.286772221326828,
            5.269534885883331
        ]
    },
    "val": {
        "acc": [
            0.5970149253731343,
            0.40298507462686567
        ],
        "loss": [
            0.6923203468322754,
            0.6990114450454712
        ]
    }
}